Bits	Prep	Calc	Clean	Pre_Cuda	 Post_CUDA	GPU	CPU			
0	0,004457	0,000154	0,000182	0,000004	0,000002	0,004805	0,000001			
24	0,001383	0,000118	0,000145	0,000009	0,000002	0,001663	0,000001			
48	0,001493	0,000140	0,000166	0,000013	0,000002	0,001821	0,000001			
72	0,001439	0,000154	0,000160	0,000016	0,000003	0,001778	0,000001			
96	0,001306	0,000130	0,000166	0,000020	0,000004	0,001632	0,000001			
120	0,001512	0,000164	0,000157	0,000021	0,000004	0,001863	0,000001			
144	0,001589	0,000156	0,000165	0,000025	0,000004	0,001946	0,000001			
168	0,001583	0,000165	0,000159	0,000028	0,000005	0,001945	0,000001			
192	0,001376	0,000163	0,000165	0,000032	0,000006	0,001748	0,000001			
216	0,001442	0,000162	0,000175	0,000034	0,000007	0,001828	0,000001			
240	0,001645	0,000156	0,000163	0,000037	0,000007	0,002014	0,000001			
264	0,001458	0,000152	0,000164	0,000041	0,000008	0,001829	0,000001			
288	0,001500	0,000163	0,000162	0,000041	0,000008	0,001880	0,000001			
312	0,001381	0,000170	0,000158	0,000046	0,000008	0,001769	0,000001			
336	0,001533	0,000164	0,000167	0,000050	0,000009	0,001930	0,000001			
360	0,001715	0,000161	0,000172	0,000053	0,000010	0,002117	0,000001			
384	0,001600	0,000167	0,000168	0,000054	0,000009	0,002004	0,000001			
408	0,001276	0,000164	0,000148	0,000056	0,000010	0,001662	0,000001			
432	0,001472	0,000193	0,000161	0,000061	0,000011	0,001903	0,000001			
456	0,002032	0,000195	0,000181	0,000066	0,000012	0,002492	0,000001			
480	0,001613	0,000178	0,000168	0,000069	0,000013	0,002048	0,000001			
504	0,001487	0,000172	0,000162	0,000072	0,000013	0,001913	0,000001			
528	0,001387	0,000175	0,000153	0,000073	0,000013	0,001807	0,000001			
552	0,001617	0,000189	0,000165	0,000073	0,000012	0,002063	0,000001			
576	0,001985	0,000198	0,000187	0,000082	0,000015	0,002474	0,000001			
600	0,002192	0,000198	0,000188	0,000083	0,000014	0,002682	0,000001			
624	0,001294	0,000161	0,000146	0,000079	0,000014	0,001700	0,000001			
648	0,001618	0,000192	0,000159	0,000084	0,000015	0,002073	0,000001			
672	0,001512	0,000153	0,000155	0,000092	0,000016	0,001934	0,000001			
696	0,001669	0,000167	0,000172	0,000097	0,000018	0,002129	0,000001			
720	0,001443	0,000178	0,000161	0,000104	0,000019	0,001911	0,000001			
744	0,001275	0,000139	0,000155	0,000103	0,000019	0,001698	0,000001			
768	0,001768	0,000175	0,000180	0,000109	0,000018	0,002258	0,000001			
792	0,002125	0,000200	0,000185	0,000112	0,000020	0,002651	0,000002			
816	0,001589	0,000195	0,000171	0,000117	0,000019	0,002098	0,000001			
840	0,001448	0,000168	0,000159	0,000120	0,000020	0,001921	0,000001			
864	0,001642	0,000191	0,000168	0,000122	0,000022	0,002153	0,000001			
888	0,001723	0,000191	0,000175	0,000127	0,000021	0,002243	0,000001			
912	0,001594	0,000160	0,000167	0,000123	0,000021	0,002073	0,000001			
936	0,001590	0,000197	0,000176	0,000130	0,000023	0,002123	0,000001			
960	0,001346	0,000161	0,000150	0,000127	0,000020	0,001810	0,000001			
984	0,001648	0,000178	0,000171	0,000131	0,000022	0,002157	0,000002			
1008	0,001639	0,000192	0,000174	0,000136	0,000022	0,002169	0,000002			
1032	0,002170	0,000194	0,000187	0,000141	0,000024	0,002722	0,000002			
1056	0,001528	0,000198	0,000167	0,000151	0,000024	0,002075	0,000002			
1080	0,001672	0,000178	0,000163	0,000144	0,000023	0,002187	0,000002			
1104	0,001619	0,000181	0,000160	0,000148	0,000025	0,002139	0,000002			
1128	0,001582	0,000194	0,000169	0,000156	0,000026	0,002135	0,000002			
1152	0,002335	0,000194	0,000191	0,000167	0,000026	0,002920	0,000003			
1176	0,001405	0,000195	0,000152	0,000157	0,000025	0,001939	0,000002			
1200	0,001948	0,000184	0,000173	0,000163	0,000026	0,002499	0,000003			
1224	0,001750	0,000189	0,000171	0,000169	0,000027	0,002313	0,000002			
1248	0,001605	0,000180	0,000170	0,000179	0,000029	0,002171	0,000003			
1272	0,002280	0,000193	0,000186	0,000179	0,000030	0,002875	0,000002			
1296	0,001763	0,000205	0,000179	0,000191	0,000031	0,002377	0,000003			
1320	0,002455	0,000194	0,000196	0,000202	0,000032	0,003087	0,000002			
1344	0,001615	0,000159	0,000170	0,000201	0,000033	0,002184	0,000003			
1368	0,001569	0,000195	0,000167	0,000199	0,000032	0,002169	0,000003			
1392	0,002284	0,000191	0,000181	0,000197	0,000030	0,002889	0,000002			
1416	0,001694	0,000194	0,000166	0,000204	0,000033	0,002297	0,000003			
1440	0,001931	0,000195	0,000182	0,000220	0,000033	0,002569	0,000003			
1464	0,001480	0,000149	0,000161	0,000224	0,000034	0,002055	0,000002			
1488	0,001406	0,000140	0,000159	0,000226	0,000034	0,001972	0,000003			
1512	0,001673	0,000189	0,000165	0,000211	0,000032	0,002275	0,000002			
1536	0,002148	0,000184	0,000180	0,000219	0,000034	0,002772	0,000002			
1560	0,001524	0,000195	0,000159	0,000232	0,000035	0,002152	0,000003			
1584	0,001375	0,000180	0,000158	0,000224	0,000034	0,001977	0,000003			
1608	0,001538	0,000189	0,000159	0,000225	0,000034	0,002152	0,000003			
1632	0,002069	0,000189	0,000173	0,000243	0,000036	0,002716	0,000003			
1656	0,002229	0,000194	0,000178	0,000241	0,000036	0,002886	0,000003			
1680	0,001529	0,000191	0,000161	0,000236	0,000037	0,002160	0,000003			
1704	0,001396	0,000176	0,000158	0,000243	0,000038	0,002019	0,000003			
1728	0,002016	0,000202	0,000186	0,000264	0,000040	0,002716	0,000003			
1752	0,001706	0,000173	0,000167	0,000253	0,000039	0,002344	0,000003			
1776	0,001682	0,000202	0,000171	0,000272	0,000040	0,002373	0,000003			
1800	0,002399	0,000203	0,000192	0,000273	0,000041	0,003114	0,000003			
1824	0,001666	0,000188	0,000167	0,000272	0,000043	0,002343	0,000003			
1848	0,002457	0,000203	0,000191	0,000301	0,000043	0,003203	0,000003			
1872	0,001813	0,000202	0,000172	0,000291	0,000043	0,002528	0,000003			
1896	0,002436	0,000204	0,000198	0,000307	0,000046	0,003199	0,000003			
1920	0,001415	0,000218	0,000162	0,000304	0,000045	0,002150	0,000003			
1944	0,002011	0,000202	0,000182	0,000319	0,000048	0,002769	0,000003			
1968	0,002210	0,000199	0,000177	0,000302	0,000043	0,002938	0,000003			
1992	0,001663	0,000166	0,000167	0,000305	0,000044	0,002351	0,000003			
2016	0,002429	0,000200	0,000190	0,000321	0,000047	0,003194	0,000003			
2040	0,002382	0,000201	0,000190	0,000332	0,000047	0,003158	0,000002			
2064	0,002186	0,000197	0,000183	0,000331	0,000047	0,002950	0,000004			
2088	0,001762	0,000184	0,000175	0,000349	0,000049	0,002527	0,000004			
2112	0,001561	0,000203	0,000180	0,000376	0,000053	0,002382	0,000004			
2136	0,002315	0,000199	0,000182	0,000327	0,000047	0,003077	0,000004			
2160	0,001784	0,000207	0,000166	0,000331	0,000046	0,002540	0,000004			
2184	0,001691	0,000209	0,000167	0,000350	0,000048	0,002472	0,000004			
2208	0,001719	0,000197	0,000171	0,000359	0,000050	0,002504	0,000004			
2232	0,001493	0,000151	0,000166	0,000353	0,000050	0,002220	0,000005			
2256	0,001711	0,000195	0,000164	0,000364	0,000050	0,002492	0,000004			
2280	0,002173	0,000199	0,000177	0,000366	0,000052	0,002973	0,000004			
2304	0,002294	0,000194	0,000182	0,000383	0,000052	0,003112	0,000004			
2328	0,002408	0,000201	0,000189	0,000387	0,000052	0,003244	0,000005			
2352	0,001614	0,000203	0,000172	0,000389	0,000054	0,002439	0,000004			
2376	0,001999	0,000199	0,000173	0,000372	0,000051	0,002801	0,000004			
2400	0,002569	0,000208	0,000202	0,000428	0,000056	0,003470	0,000005			
2424	0,001614	0,000223	0,000169	0,000414	0,000057	0,002485	0,000005			
2448	0,001375	0,000180	0,000158	0,000403	0,000054	0,002176	0,000004			
2472	0,001909	0,000200	0,000187	0,000433	0,000060	0,002795	0,000005			
2496	0,002093	0,000201	0,000185	0,000414	0,000054	0,002955	0,000004			
2520	0,001687	0,000200	0,000167	0,000409	0,000054	0,002523	0,000004			
2544	0,002478	0,000202	0,000195	0,000438	0,000056	0,003375	0,000004			
2568	0,002419	0,000200	0,000186	0,000427	0,000057	0,003295	0,000005			
2592	0,001765	0,000207	0,000172	0,000431	0,000057	0,002640	0,000004			
2616	0,002212	0,000205	0,000170	0,000448	0,000056	0,003097	0,000004			
2640	0,001697	0,000215	0,000168	0,000431	0,000057	0,002576	0,000004			
2664	0,002392	0,000199	0,000183	0,000442	0,000058	0,003279	0,000005			
2688	0,002288	0,000195	0,000182	0,000445	0,000057	0,003174	0,000004			
2712	0,001717	0,000199	0,000163	0,000433	0,000057	0,002574	0,000004			
2736	0,001697	0,000205	0,000174	0,000474	0,000063	0,002619	0,000005			
2760	0,002531	0,000205	0,000195	0,000503	0,000065	0,003506	0,000005			
2784	0,002532	0,000204	0,000189	0,000494	0,000063	0,003489	0,000005			
2808	0,001823	0,000209	0,000178	0,000498	0,000064	0,002779	0,000004			
2832	0,002317	0,000202	0,000179	0,000499	0,000062	0,003265	0,000005			
2856	0,001712	0,000208	0,000176	0,000540	0,000070	0,002714	0,000005			
2880	0,001650	0,000214	0,000173	0,000519	0,000069	0,002633	0,000005			
2904	0,001899	0,000207	0,000184	0,000538	0,000071	0,002908	0,000005			
2928	0,002126	0,000203	0,000188	0,000538	0,000069	0,003132	0,000005			
2952	0,001607	0,000208	0,000166	0,000513	0,000066	0,002566	0,000005			
2976	0,001500	0,000156	0,000164	0,000567	0,000069	0,002462	0,000005			
3000	0,001742	0,000216	0,000172	0,000537	0,000071	0,002744	0,000005			
3024	0,002227	0,000217	0,000185	0,000567	0,000072	0,003276	0,000005			
3048	0,001862	0,000220	0,000177	0,000589	0,000075	0,002931	0,000005			
3072	0,001544	0,000190	0,000173	0,000557	0,000072	0,002545	0,000005			
3096	0,002644	0,000200	0,000195	0,000575	0,000073	0,003695	0,000005			
3120	0,002408	0,000204	0,000191	0,000590	0,000072	0,003474	0,000006			
3144	0,002426	0,000207	0,000194	0,000587	0,000072	0,003494	0,000005			
3168	0,001756	0,000221	0,000172	0,000590	0,000074	0,002820	0,000005			
3192	0,001387	0,000173	0,000153	0,000562	0,000067	0,002349	0,000005			
3216	0,001807	0,000203	0,000176	0,000590	0,000076	0,002859	0,000005			
3240	0,001768	0,000206	0,000168	0,000582	0,000074	0,002804	0,000005			
3264	0,002551	0,000200	0,000184	0,000596	0,000074	0,003613	0,000005			
3288	0,001489	0,000162	0,000160	0,000592	0,000073	0,002483	0,000005			
3312	0,002557	0,000201	0,000187	0,000622	0,000075	0,003649	0,000005			
3336	0,002259	0,000207	0,000186	0,000641	0,000078	0,003377	0,000006			
3360	0,001937	0,000201	0,000180	0,000647	0,000079	0,003052	0,000005			
3384	0,002667	0,000202	0,000198	0,000670	0,000078	0,003822	0,000005			
3408	0,001638	0,000236	0,000173	0,000659	0,000077	0,002791	0,000005			
3432	0,002535	0,000244	0,000192	0,000654	0,000077	0,003710	0,000005			
3456	0,002340	0,000241	0,000181	0,000641	0,000078	0,003488	0,000005			
3480	0,002574	0,000246	0,000183	0,000648	0,000078	0,003736	0,000005			
3504	0,002505	0,000244	0,000184	0,000657	0,000080	0,003677	0,000005			
3528	0,001520	0,000235	0,000160	0,000631	0,000076	0,002627	0,000005			
3552	0,002480	0,000252	0,000195	0,000717	0,000084	0,003736	0,000006			
3576	0,002711	0,000250	0,000200	0,000726	0,000086	0,003982	0,000005			
3600	0,002466	0,000246	0,000184	0,000669	0,000080	0,003650	0,000005			
3624	0,002513	0,000246	0,000182	0,000682	0,000082	0,003712	0,000005			
3648	0,002063	0,000244	0,000172	0,000692	0,000082	0,003260	0,000005			
3672	0,001806	0,000235	0,000167	0,000693	0,000080	0,002987	0,000005			
3696	0,001759	0,000241	0,000171	0,000697	0,000082	0,002957	0,000005			
3720	0,001686	0,000214	0,000176	0,000711	0,000085	0,002880	0,000005			
3744	0,001626	0,000201	0,000162	0,000691	0,000082	0,002768	0,000005			
3768	0,002199	0,000234	0,000178	0,000720	0,000084	0,003422	0,000005			
3792	0,002626	0,000246	0,000188	0,000738	0,000085	0,003890	0,000005			
3816	0,002466	0,000246	0,000182	0,000729	0,000083	0,003712	0,000005			
3840	0,001428	0,000227	0,000160	0,000738	0,000088	0,002647	0,000005			
3864	0,002500	0,000248	0,000191	0,000765	0,000087	0,003800	0,000005			
3888	0,002415	0,000246	0,000176	0,000740	0,000084	0,003667	0,000005			
3912	0,001677	0,000229	0,000166	0,000747	0,000088	0,002915	0,000005			
3936	0,001489	0,000238	0,000160	0,000766	0,000089	0,002748	0,000005			
3960	0,002728	0,000245	0,000190	0,000780	0,000091	0,004042	0,000006			
3984	0,001955	0,000230	0,000182	0,000782	0,000091	0,003246	0,000005			
4008	0,001799	0,000220	0,000176	0,000794	0,000091	0,003088	0,000006			
4032	0,002608	0,000245	0,000187	0,000789	0,000088	0,003925	0,000005			
4056	0,001404	0,000230	0,000160	0,000780	0,000088	0,002669	0,000005			
4080	0,002703	0,000246	0,000194	0,000815	0,000093	0,004059	0,000005			
4104	0,001734	0,000241	0,000163	0,000807	0,000090	0,003041	0,000009			
4128	0,001604	0,000219	0,000161	0,000846	0,000092	0,002930	0,000009			
4152	0,001561	0,000217	0,000163	0,000822	0,000094	0,002863	0,000009			
4176	0,002664	0,000244	0,000186	0,000855	0,000093	0,004049	0,000009			
4200	0,001962	0,000231	0,000179	0,000854	0,000095	0,003328	0,000009			
4224	0,001777	0,000223	0,000173	0,000867	0,000097	0,003144	0,000009			
4248	0,002732	0,000248	0,000191	0,000930	0,000104	0,004212	0,000010			
4272	0,002788	0,000244	0,000191	0,000895	0,000100	0,004225	0,000010			
4296	0,002608	0,000242	0,000181	0,000890	0,000098	0,004026	0,000009			
4320	0,002431	0,000240	0,000180	0,000874	0,000096	0,003828	0,000009			
4344	0,001728	0,000254	0,000174	0,000866	0,000097	0,003127	0,000009			
4368	0,002629	0,000244	0,000181	0,000886	0,000096	0,004042	0,000009			
4392	0,002562	0,000244	0,000186	0,000903	0,000099	0,004001	0,000008			
4416	0,002125	0,000252	0,000180	0,000929	0,000103	0,003596	0,000009			
4440	0,002635	0,000247	0,000184	0,000888	0,000099	0,004059	0,000009			
4464	0,001554	0,000209	0,000154	0,000887	0,000097	0,002908	0,000009			
4488	0,002587	0,000244	0,000181	0,000917	0,000101	0,004038	0,000009			
4512	0,002153	0,000247	0,000171	0,000947	0,000100	0,003625	0,000010			
4536	0,002464	0,000244	0,000178	0,000930	0,000098	0,003920	0,000009			
4560	0,002710	0,000247	0,000195	0,000973	0,000109	0,004240	0,000010			
4584	0,001605	0,000254	0,000168	0,001022	0,000109	0,003164	0,000010			
4608	0,002181	0,000227	0,000183	0,000992	0,000111	0,003701	0,000009			
4632	0,001910	0,000230	0,000187	0,001038	0,000121	0,003493	0,000010			
4656	0,002799	0,000247	0,000199	0,001013	0,000109	0,004375	0,000010			
4680	0,002724	0,000248	0,000190	0,001024	0,000111	0,004305	0,000010			
4704	0,001692	0,000227	0,000169	0,000999	0,000105	0,003199	0,000009			
4728	0,002283	0,000238	0,000178	0,000979	0,000106	0,003792	0,000010			
4752	0,001751	0,000233	0,000164	0,001006	0,000110	0,003271	0,000010			
4776	0,002673	0,000247	0,000187	0,001015	0,000107	0,004236	0,000009			
4800	0,001405	0,000226	0,000165	0,001022	0,000109	0,002934	0,000010			
4824	0,002073	0,000248	0,000181	0,001048	0,000115	0,003672	0,000010			
4848	0,002204	0,000245	0,000184	0,001070	0,000115	0,003826	0,000010			
4872	0,002788	0,000244	0,000193	0,001063	0,000110	0,004404	0,000010			
4896	0,001608	0,000243	0,000167	0,001033	0,000112	0,003170	0,000009			
4920	0,002805	0,000250	0,000193	0,001102	0,000115	0,004472	0,000010			
4944	0,002286	0,000240	0,000183	0,001098	0,000115	0,003929	0,000010			
4968	0,001735	0,000224	0,000168	0,001077	0,000117	0,003328	0,000009			
4992	0,002767	0,000245	0,000185	0,001119	0,000115	0,004438	0,000010			
5016	0,002825	0,000247	0,000191	0,001143	0,000116	0,004529	0,000010			
5040	0,001999	0,000228	0,000181	0,001167	0,000121	0,003704	0,000010			
5064	0,001959	0,000231	0,000182	0,001143	0,000120	0,003644	0,000010			
5088	0,002822	0,000247	0,000194	0,001129	0,000122	0,004521	0,000010			
5112	0,001629	0,000203	0,000164	0,001147	0,000119	0,003268	0,000010			
5136	0,002586	0,000241	0,000189	0,001188	0,000124	0,004336	0,000011			
5160	0,002335	0,000246	0,000177	0,001159	0,000119	0,004043	0,000011			
5184	0,002691	0,000243	0,000195	0,001252	0,000128	0,004517	0,000010			
5208	0,001686	0,000190	0,000168	0,001201	0,000123	0,003374	0,000010			
5232	0,001544	0,000215	0,000161	0,001170	0,000120	0,003216	0,000010			
5256	0,002292	0,000254	0,000185	0,001282	0,000128	0,004149	0,000011			
5280	0,002203	0,000253	0,000185	0,001263	0,000130	0,004042	0,000011			
5304	0,002792	0,000248	0,000195	0,001265	0,000130	0,004637	0,000010			
5328	0,002802	0,000247	0,000193	0,001243	0,000128	0,004620	0,000010			
5352	0,002682	0,000244	0,000185	0,001232	0,000121	0,004470	0,000010			
5376	0,002816	0,000246	0,000197	0,001273	0,000131	0,004670	0,000011			
5400	0,002618	0,000237	0,000186	0,001242	0,000124	0,004414	0,000011			
5424	0,001650	0,000205	0,000179	0,001299	0,000132	0,003473	0,000011			
5448	0,001614	0,000222	0,000166	0,001263	0,000128	0,003401	0,000011			
5472	0,001994	0,000237	0,000176	0,001256	0,000130	0,003801	0,000011			
5496	0,002809	0,000248	0,000190	0,001264	0,000127	0,004645	0,000010			
5520	0,002835	0,000250	0,000197	0,001329	0,000132	0,004751	0,000011			
5544	0,002872	0,000249	0,000195	0,001326	0,000134	0,004783	0,000010			
5568	0,002700	0,000246	0,000193	0,001290	0,000131	0,004568	0,000010			
5592	0,002419	0,000236	0,000178	0,001306	0,000129	0,004277	0,000009			
5616	0,001781	0,000220	0,000177	0,001344	0,000135	0,003666	0,000011			
5640	0,002771	0,000245	0,000183	0,001303	0,000128	0,004637	0,000010			
5664	0,001737	0,000232	0,000178	0,001357	0,000136	0,003649	0,000011			
5688	0,002466	0,000247	0,000187	0,001303	0,000132	0,004343	0,000010			
5712	0,002211	0,000234	0,000183	0,001369	0,000132	0,004136	0,000011			
5736	0,002862	0,000250	0,000189	0,001380	0,000134	0,004823	0,000010			
5760	0,001615	0,000251	0,000170	0,001381	0,000133	0,003557	0,000011			
5784	0,002821	0,000248	0,000194	0,001405	0,000138	0,004814	0,000011			
5808	0,002074	0,000240	0,000181	0,001371	0,000135	0,004008	0,000010			
5832	0,002775	0,000247	0,000192	0,001413	0,000138	0,004773	0,000010			
5856	0,001555	0,000204	0,000164	0,001374	0,000130	0,003432	0,000010			
5880	0,001835	0,000253	0,000169	0,001436	0,000137	0,003837	0,000010			
5904	0,002507	0,000254	0,000189	0,001463	0,000139	0,004560	0,000010			
5928	0,001929	0,000249	0,000173	0,001426	0,000139	0,003924	0,000010			
5952	0,001719	0,000196	0,000169	0,001506	0,000155	0,003754	0,000011			
5976	0,002882	0,000249	0,000194	0,001478	0,000142	0,004952	0,000011			
6000	0,002199	0,000254	0,000186	0,001530	0,000144	0,004321	0,000011			
6024	0,002498	0,000239	0,000180	0,001493	0,000146	0,004562	0,000011			
6048	0,002725	0,000248	0,000193	0,001502	0,000143	0,004819	0,000011			
6072	0,002977	0,000248	0,000206	0,001583	0,000157	0,005180	0,000012			
6096	0,002967	0,000248	0,000200	0,001604	0,000157	0,005183	0,000011			
6120	0,002471	0,000234	0,000182	0,001610	0,000152	0,004657	0,000011			
6144	0,002009	0,000235	0,000172	0,001508	0,000143	0,004075	0,000010			
6168	0,002862	0,000245	0,000193	0,001569	0,000146	0,005024	0,000012			
6192	0,002784	0,000248	0,000188	0,001497	0,000143	0,004867	0,000011			
6216	0,002680	0,000246	0,000190	0,001594	0,000150	0,004868	0,000012			
6240	0,002873	0,000250	0,000190	0,001543	0,000144	0,005007	0,000011			
6264	0,001834	0,000241	0,000172	0,001558	0,000151	0,003964	0,000012			
6288	0,002740	0,000246	0,000183	0,001539	0,000145	0,004861	0,000011			
6312	0,002058	0,000244	0,000182	0,001611	0,000153	0,004255	0,000012			
6336	0,002540	0,000250	0,000195	0,001718	0,000163	0,004873	0,000013			
6360	0,002886	0,000249	0,000201	0,001674	0,000157	0,005175	0,000012			
6384	0,001655	0,000234	0,000169	0,001655	0,000158	0,003878	0,000012			
6408	0,002954	0,000248	0,000191	0,001675	0,000155	0,005231	0,000013			
6432	0,002251	0,000238	0,000177	0,001621	0,000154	0,004448	0,000012			
6456	0,001825	0,000208	0,000175	0,001627	0,000156	0,003998	0,000011			
6480	0,002840	0,000250	0,000191	0,001690	0,000155	0,005135	0,000012			
6504	0,001470	0,000242	0,000163	0,001617	0,000157	0,003657	0,000011			
6528	0,003006	0,000249	0,000205	0,001717	0,000162	0,005347	0,000013			
6552	0,002622	0,000245	0,000185	0,001715	0,000162	0,004937	0,000013			
6576	0,002105	0,000257	0,000182	0,001737	0,000164	0,004452	0,000012			
6600	0,003019	0,000250	0,000201	0,001759	0,000168	0,005405	0,000013			
6624	0,002942	0,000248	0,000188	0,001739	0,000160	0,005285	0,000012			
6648	0,002226	0,000246	0,000178	0,001731	0,000157	0,004546	0,000012			
6672	0,002358	0,000237	0,000184	0,001773	0,000159	0,004719	0,000013			
6696	0,001669	0,000238	0,000165	0,001730	0,000158	0,003967	0,000012			
6720	0,001579	0,000228	0,000166	0,001753	0,000166	0,003900	0,000013			
6744	0,002275	0,000250	0,000184	0,001872	0,000170	0,004759	0,000013			
6768	0,002611	0,000252	0,000189	0,001770	0,000160	0,004989	0,000011			
6792	0,002913	0,000249	0,000195	0,001821	0,000166	0,005351	0,000013			
6816	0,001827	0,000282	0,000173	0,001797	0,000170	0,004256	0,000012			
6840	0,001806	0,000248	0,000174	0,001922	0,000176	0,004334	0,000013			
6864	0,002864	0,000369	0,000191	0,001828	0,000164	0,005424	0,000012			
6888	0,002394	0,000329	0,000188	0,001938	0,000172	0,005028	0,000013			
6912	0,003082	0,000386	0,000200	0,001848	0,000164	0,005688	0,000013			
6936	0,001792	0,000274	0,000179	0,001938	0,000175	0,004368	0,000013			
6960	0,003095	0,000392	0,000195	0,001814	0,000164	0,005666	0,000011			
6984	0,003147	0,000397	0,000197	0,001818	0,000161	0,005727	0,000012			
7008	0,003000	0,000374	0,000196	0,001907	0,000169	0,005653	0,000013			
7032	0,001743	0,000243	0,000177	0,001974	0,000177	0,004321	0,000014			
7056	0,001959	0,000295	0,000175	0,001937	0,000173	0,004547	0,000012			
7080	0,002826	0,000367	0,000191	0,001925	0,000174	0,005490	0,000013			
7104	0,002126	0,000306	0,000179	0,001934	0,000173	0,004726	0,000012			
7128	0,001696	0,000273	0,000170	0,001984	0,000176	0,004307	0,000012			
7152	0,003148	0,000394	0,000194	0,001878	0,000163	0,005784	0,000012			
7176	0,002416	0,000331	0,000182	0,001950	0,000171	0,005057	0,000011			
7200	0,003305	0,000395	0,000204	0,001966	0,000174	0,006052	0,000013			
7224	0,002097	0,000304	0,000177	0,002005	0,000175	0,004766	0,000012			
7248	0,003231	0,000397	0,000200	0,002002	0,000174	0,006011	0,000013			
7272	0,003214	0,000394	0,000200	0,002016	0,000176	0,006007	0,000013			
7296	0,002353	0,000320	0,000188	0,002088	0,000184	0,005140	0,000014			
7320	0,002334	0,000327	0,000189	0,002011	0,000176	0,005044	0,000012			
7344	0,001844	0,000288	0,000175	0,002033	0,000178	0,004526	0,000013			
7368	0,003290	0,000408	0,000209	0,002047	0,000179	0,006140	0,000013			
7392	0,002456	0,000338	0,000190	0,002044	0,000183	0,005220	0,000013			
7416	0,002202	0,000312	0,000182	0,002018	0,000175	0,004896	0,000013			
7440	0,002105	0,000302	0,000185	0,002161	0,000194	0,004954	0,000014			
7464	0,001728	0,000298	0,000167	0,002044	0,000178	0,004423	0,000012			
7488	0,001957	0,000261	0,000174	0,002105	0,000182	0,004688	0,000013			
7512	0,002311	0,000279	0,000178	0,002078	0,000178	0,005032	0,000012			
7536	0,002973	0,000300	0,000193	0,002130	0,000188	0,005790	0,000012			
7560	0,003213	0,000311	0,000204	0,002129	0,000187	0,006050	0,000012			
7584	0,003255	0,000311	0,000201	0,002146	0,000186	0,006107	0,000012			
7608	0,002869	0,000292	0,000195	0,002135	0,000186	0,005683	0,000013			
7632	0,003251	0,000307	0,000204	0,002168	0,000187	0,006125	0,000013			
7656	0,003089	0,000316	0,000191	0,002184	0,000189	0,005977	0,000012			
7680	0,001623	0,000251	0,000161	0,002160	0,000181	0,004382	0,000012			
7704	0,003037	0,000327	0,000200	0,002198	0,000188	0,005957	0,000013			
7728	0,003236	0,000327	0,000197	0,002182	0,000182	0,006131	0,000012			
7752	0,003274	0,000325	0,000205	0,002227	0,000188	0,006225	0,000014			
7776	0,003171	0,000324	0,000190	0,002251	0,000193	0,006135	0,000014			
7800	0,003200	0,000326	0,000198	0,002252	0,000190	0,006172	0,000013			
7824	0,002770	0,000304	0,000188	0,002239	0,000192	0,005699	0,000013			
7848	0,002638	0,000291	0,000171	0,002166	0,000188	0,005460	0,000012			
7872	0,001958	0,000286	0,000171	0,002296	0,000190	0,004909	0,000013			
7896	0,003171	0,000327	0,000195	0,002203	0,000188	0,006092	0,000013			
7920	0,003182	0,000326	0,000199	0,002326	0,000195	0,006235	0,000013			
7944	0,002722	0,000301	0,000189	0,002366	0,000195	0,005781	0,000013			
7968	0,003359	0,000332	0,000211	0,002455	0,000206	0,006571	0,000014			
7992	0,003278	0,000409	0,000203	0,002422	0,000197	0,006517	0,000014			
8016	0,001813	0,000270	0,000171	0,002383	0,000200	0,004844	0,000012			
8040	0,002858	0,000377	0,000198	0,002362	0,000207	0,006010	0,000013			
8064	0,003367	0,000419	0,000204	0,002364	0,000197	0,006559	0,000013			
8088	0,003317	0,000309	0,000200	0,002414	0,000204	0,006451	0,000013			
8112	0,001609	0,000264	0,000165	0,002426	0,000205	0,004677	0,000013			
8136	0,002095	0,000252	0,000175	0,002450	0,000207	0,005186	0,000013			
8160	0,002547	0,000290	0,000186	0,002486	0,000206	0,005724	0,000013			
8184	0,002153	0,000268	0,000184	0,002593	0,000216	0,005421	0,000014			
8208	0,003385	0,000317	0,000207	0,002569	0,000216	0,006703	0,000026			
8232	0,002165	0,000288	0,000188	0,002604	0,000215	0,005466	0,000026			
8256	0,002441	0,000288	0,000192	0,002549	0,000216	0,005694	0,000025			
8280	0,003237	0,000310	0,000206	0,002556	0,000217	0,006533	0,000027			
8304	0,001893	0,000255	0,000175	0,002527	0,000211	0,005070	0,000025			
8328	0,001792	0,000240	0,000172	0,002516	0,000203	0,004931	0,000025			
8352	0,003332	0,000318	0,000205	0,002528	0,000210	0,006601	0,000025			
8376	0,002431	0,000288	0,000184	0,002575	0,000214	0,005700	0,000026			
8400	0,003213	0,000309	0,000194	0,002593	0,000212	0,006528	0,000025			
8424	0,003221	0,000312	0,000196	0,002557	0,000211	0,006504	0,000025			
8448	0,003205	0,000316	0,000202	0,002571	0,000212	0,006514	0,000025			
8472	0,002680	0,000295	0,000190	0,002518	0,000207	0,005897	0,000024			
8496	0,003310	0,000316	0,000199	0,002527	0,000208	0,006568	0,000023			
8520	0,001945	0,000301	0,000183	0,002516	0,000215	0,005168	0,000024			
8544	0,003302	0,000408	0,000196	0,002562	0,000211	0,006686	0,000023			
8568	0,003157	0,000392	0,000196	0,002609	0,000209	0,006572	0,000027			
8592	0,003267	0,000406	0,000203	0,002566	0,000206	0,006655	0,000023			
8616	0,003396	0,000418	0,000203	0,002603	0,000211	0,006839	0,000024			
8640	0,001681	0,000275	0,000175	0,002624	0,000217	0,004979	0,000024			
8664	0,003397	0,000413	0,000207	0,002664	0,000216	0,006905	0,000024			
8688	0,002972	0,000387	0,000200	0,002689	0,000217	0,006472	0,000026			
8712	0,001889	0,000269	0,000175	0,002694	0,000217	0,005250	0,000025			
8736	0,003439	0,000419	0,000203	0,002683	0,000216	0,006967	0,000024			
8760	0,003472	0,000419	0,000202	0,002747	0,000225	0,007072	0,000025			
8784	0,002922	0,000378	0,000194	0,002705	0,000219	0,006426	0,000025			
8808	0,002584	0,000352	0,000186	0,002722	0,000217	0,006069	0,000024			
8832	0,003483	0,000418	0,000208	0,002798	0,000230	0,007144	0,000025			
8856	0,001769	0,000280	0,000176	0,002782	0,000229	0,005244	0,000025			
8880	0,002383	0,000310	0,000180	0,002809	0,000223	0,005912	0,000026			
8904	0,003075	0,000385	0,000197	0,002770	0,000222	0,006657	0,000024			
8928	0,002236	0,000329	0,000184	0,002888	0,000232	0,005878	0,000026			
8952	0,001830	0,000278	0,000180	0,002878	0,000233	0,005408	0,000026			
8976	0,003343	0,000429	0,000191	0,002738	0,000212	0,006921	0,000024			
9000	0,002943	0,000397	0,000195	0,002742	0,000222	0,006506	0,000023			
9024	0,002292	0,000320	0,000182	0,002894	0,000229	0,005925	0,000025			
9048	0,003631	0,000439	0,000215	0,003046	0,000247	0,007586	0,000027			
9072	0,003563	0,000434	0,000216	0,003029	0,000238	0,007490	0,000027			
9096	0,002276	0,000326	0,000188	0,003008	0,000244	0,006050	0,000028			
9120	0,003232	0,000410	0,000209	0,002968	0,000239	0,007067	0,000027			
9144	0,003374	0,000424	0,000216	0,003014	0,000245	0,007281	0,000026			
9168	0,001702	0,000297	0,000170	0,002851	0,000227	0,005254	0,000024			
9192	0,003521	0,000439	0,000202	0,002873	0,000227	0,007269	0,000024			
9216	0,002307	0,000330	0,000185	0,002983	0,000229	0,006043	0,000025			
9240	0,002036	0,000323	0,000177	0,002905	0,000233	0,005682	0,000024			
9264	0,003478	0,000430	0,000207	0,002945	0,000232	0,007299	0,000024			
9288	0,003394	0,000434	0,000204	0,002946	0,000230	0,007216	0,000024			
9312	0,003588	0,000438	0,000209	0,003048	0,000246	0,007538	0,000026			
9336	0,003489	0,000438	0,000204	0,002980	0,000230	0,007347	0,000025			
9360	0,003378	0,000336	0,000195	0,003007	0,000232	0,007155	0,000025			
9384	0,001496	0,000266	0,000165	0,002989	0,000234	0,005157	0,000025			
9408	0,002370	0,000306	0,000184	0,003033	0,000239	0,006139	0,000025			
9432	0,002899	0,000319	0,000189	0,003029	0,000237	0,006679	0,000024			
9456	0,002282	0,000286	0,000179	0,003018	0,000233	0,006005	0,000024			
9480	0,003422	0,000338	0,000198	0,003077	0,000236	0,007279	0,000026			
9504	0,003345	0,000336	0,000196	0,003096	0,000242	0,007221	0,000025			
9528	0,003535	0,000340	0,000207	0,003236	0,000253	0,007580	0,000027			
9552	0,003169	0,000320	0,000199	0,003307	0,000257	0,007259	0,000028			
9576	0,002169	0,000251	0,000182	0,003114	0,000246	0,005971	0,000026			
9600	0,001702	0,000261	0,000164	0,003084	0,000238	0,005456	0,000026			
9624	0,003279	0,000284	0,000193	0,003116	0,000239	0,007119	0,000024			
9648	0,002403	0,000272	0,000189	0,003132	0,000248	0,006252	0,000025			
9672	0,001936	0,000259	0,000176	0,003096	0,000242	0,005716	0,000024			
9696	0,003563	0,000336	0,000368	0,003125	0,000240	0,007638	0,000025			
9720	0,001768	0,000279	0,000205	0,003120	0,000239	0,005618	0,000024			
9744	0,003639	0,000334	0,000375	0,003287	0,000253	0,007895	0,000026			
9768	0,003463	0,000327	0,000356	0,003381	0,000257	0,007791	0,000027			
9792	0,002195	0,000280	0,000249	0,003466	0,000265	0,006464	0,000027			
9816	0,003845	0,000339	0,000381	0,003587	0,000271	0,008431	0,000029			
9840	0,003649	0,000331	0,000376	0,003373	0,000259	0,007995	0,000027			
9864	0,002968	0,000317	0,000312	0,003322	0,000255	0,007182	0,000026			
9888	0,003314	0,000324	0,000347	0,003265	0,000251	0,007508	0,000025			
9912	0,003632	0,000333	0,000371	0,003301	0,000250	0,007892	0,000025			
9936	0,003530	0,000329	0,000363	0,003389	0,000257	0,007876	0,000026			
9960	0,003710	0,000332	0,000377	0,003410	0,000260	0,008098	0,000028			
9984	0,003770	0,000460	0,000376	0,003376	0,000255	0,008246	0,000026			
10008	0,003805	0,000461	0,000383	0,003421	0,000259	0,008336	0,000025			
10032	0,003823	0,000455	0,000380	0,003519	0,000268	0,008452	0,000026			
10056	0,003732	0,000447	0,000371	0,003589	0,000270	0,008415	0,000027			
10080	0,003358	0,000421	0,000340	0,003559	0,000269	0,007954	0,000028			
10104	0,002149	0,000287	0,000248	0,003574	0,000268	0,006533	0,000028			
10128	0,003545	0,000324	0,000365	0,003527	0,000268	0,008037	0,000027			
10152	0,003677	0,000324	0,000374	0,003502	0,000265	0,008151	0,000026			
10176	0,003496	0,000317	0,000354	0,003487	0,000257	0,007919	0,000025			
10200	0,002516	0,000271	0,000272	0,003489	0,000261	0,006816	0,000025			
10224	0,002086	0,000306	0,000234	0,003486	0,000264	0,006383	0,000025			
10248	0,003702	0,000414	0,000369	0,003502	0,000261	0,008254	0,000027			
10272	0,003765	0,000410	0,000370	0,003514	0,000263	0,008330	0,000027			
10296	0,002754	0,000341	0,000298	0,003553	0,000271	0,007225	0,000028			
10320	0,003867	0,000414	0,000380	0,003653	0,000269	0,008591	0,000027			
10344	0,003810	0,000413	0,000382	0,003637	0,000275	0,008524	0,000028			
10368	0,003719	0,000409	0,000372	0,003693	0,000270	0,008470	0,000029			
10392	0,002960	0,000277	0,000313	0,003670	0,000276	0,007504	0,000026			
10416	0,002247	0,000235	0,000253	0,003608	0,000269	0,006620	0,000027			
10440	0,003529	0,000291	0,000361	0,003551	0,000264	0,008004	0,000026			
10464	0,001704	0,000279	0,000196	0,003566	0,000261	0,006014	0,000025			
10488	0,002707	0,000274	0,000291	0,003768	0,000274	0,007321	0,000028			
10512	0,003482	0,000293	0,000360	0,003911	0,000288	0,008342	0,000028			
10536	0,002382	0,000268	0,000260	0,003689	0,000273	0,006879	0,000027			
10560	0,001763	0,000223	0,000215	0,003785	0,000285	0,006279	0,000027			
10584	0,002419	0,000270	0,000265	0,003678	0,000270	0,006909	0,000025			
10608	0,003057	0,000275	0,000327	0,003611	0,000260	0,007538	0,000026			
10632	0,002275	0,000287	0,000255	0,003717	0,000273	0,006816	0,000026			
10656	0,003672	0,000339	0,000372	0,003677	0,000271	0,008337	0,000026			
10680	0,003657	0,000333	0,000366	0,003773	0,000280	0,008416	0,000028			
10704	0,003698	0,000336	0,000369	0,003737	0,000272	0,008419	0,000027			
10728	0,002613	0,000301	0,000278	0,003687	0,000268	0,007153	0,000025			
10752	0,002292	0,000283	0,000249	0,003789	0,000280	0,006900	0,000027			
10776	0,003871	0,000410	0,000364	0,003838	0,000273	0,008763	0,000026			
10800	0,003938	0,000414	0,000363	0,003696	0,000275	0,008691	0,000027			
10824	0,003985	0,000411	0,000376	0,003831	0,000283	0,008893	0,000027			
10848	0,002282	0,000316	0,000242	0,003780	0,000272	0,006899	0,000025			
10872	0,003947	0,000413	0,000365	0,003906	0,000285	0,008923	0,000026			
10896	0,001937	0,000308	0,000210	0,003808	0,000271	0,006541	0,000027			
10920	0,003898	0,000436	0,000363	0,003820	0,000276	0,008800	0,000026			
10944	0,003607	0,000416	0,000335	0,003770	0,000269	0,008403	0,000026			
10968	0,002233	0,000336	0,000243	0,004047	0,000290	0,007157	0,000029			
10992	0,004120	0,000444	0,000375	0,004028	0,000289	0,009264	0,000026			
11016	0,003882	0,000422	0,000361	0,004067	0,000285	0,009025	0,000027			
11040	0,004039	0,000441	0,000376	0,003967	0,000297	0,009127	0,000029			
11064	0,003800	0,000428	0,000352	0,003973	0,000282	0,008841	0,000027			
11088	0,003926	0,000434	0,000367	0,003953	0,000282	0,008970	0,000026			
11112	0,004055	0,000441	0,000377	0,004099	0,000301	0,009280	0,000028			
11136	0,004132	0,000446	0,000383	0,004109	0,000292	0,009370	0,000028			
11160	0,002883	0,000365	0,000279	0,004156	0,000293	0,007983	0,000027			
11184	0,001997	0,000296	0,000224	0,004174	0,000303	0,007002	0,000029			
11208	0,004111	0,000444	0,000382	0,004174	0,000294	0,009412	0,000029			
11232	0,002647	0,000273	0,000271	0,004154	0,000302	0,007656	0,000028			
11256	0,003314	0,000296	0,000324	0,004034	0,000282	0,008257	0,000027			
11280	0,003746	0,000302	0,000354	0,004118	0,000290	0,008817	0,000029			
11304	0,002073	0,000240	0,000227	0,004228	0,000302	0,007078	0,000027			
11328	0,002124	0,000272	0,000227	0,004133	0,000289	0,007052	0,000026			
11352	0,003191	0,000291	0,000310	0,004147	0,000291	0,008236	0,000027			
11376	0,003736	0,000299	0,000344	0,004199	0,000291	0,008876	0,000027			
11400	0,002020	0,000284	0,000229	0,004540	0,000324	0,007406	0,000032			
11424	0,004230	0,000306	0,000381	0,004540	0,000322	0,009788	0,000032			
11448	0,004259	0,000307	0,000394	0,004661	0,000333	0,009962	0,000031			
11472	0,004056	0,000309	0,000374	0,004366	0,000309	0,009420	0,000029			
11496	0,003980	0,000335	0,000366	0,004230	0,000299	0,009217	0,000027			
11520	0,001936	0,000275	0,000218	0,004279	0,000303	0,007018	0,000028			
11544	0,003976	0,000333	0,000367	0,004231	0,000294	0,009209	0,000027			
11568	0,003242	0,000310	0,000313	0,004231	0,000297	0,008400	0,000027			
11592	0,003972	0,000333	0,000360	0,004238	0,000313	0,009222	0,000027			
11616	0,003816	0,000327	0,000350	0,004322	0,000297	0,009119	0,000028			
11640	0,001838	0,000298	0,000212	0,004337	0,000308	0,007000	0,000029			
11664	0,004030	0,000336	0,000370	0,004330	0,000305	0,009378	0,000027			
11688	0,002833	0,000297	0,000281	0,004457	0,000309	0,008184	0,000027			
11712	0,002309	0,000284	0,000244	0,004292	0,000291	0,007428	0,000028			
11736	0,003957	0,000334	0,000363	0,004348	0,000305	0,009314	0,000027			
11760	0,002610	0,000304	0,000266	0,004429	0,000309	0,007924	0,000029			
11784	0,004007	0,000339	0,000376	0,004400	0,000319	0,009448	0,000028			
11808	0,002404	0,000290	0,000256	0,004641	0,000317	0,007916	0,000030			
11832	0,004160	0,000336	0,000384	0,004624	0,000330	0,009842	0,000030			
11856	0,001992	0,000242	0,000221	0,004586	0,000319	0,007368	0,000029			
11880	0,003659	0,000317	0,000347	0,004487	0,000309	0,009125	0,000028			
11904	0,002759	0,000268	0,000270	0,004389	0,000305	0,007997	0,000028			
11928	0,002181	0,000273	0,000230	0,004477	0,000305	0,007474	0,000026			
11952	0,003951	0,000331	0,000359	0,004639	0,000328	0,009616	0,000030			
11976	0,002895	0,000317	0,000301	0,004805	0,000337	0,008664	0,000031			
12000	0,003525	0,000328	0,000340	0,004955	0,000344	0,009500	0,000029			
12024	0,003610	0,000330	0,000356	0,004706	0,000321	0,009329	0,000028			
12048	0,001830	0,000265	0,000215	0,004782	0,000328	0,007430	0,000029			
12072	0,002136	0,000288	0,000240	0,004600	0,000309	0,007580	0,000027			
12096	0,003863	0,000343	0,000386	0,004641	0,000324	0,009564	0,000028			
12120	0,002403	0,000326	0,000257	0,004706	0,000317	0,008018	0,000028			
12144	0,003885	0,000450	0,000371	0,004808	0,000326	0,009848	0,000029			
12168	0,001714	0,000287	0,000200	0,004739	0,000324	0,007272	0,000028			
12192	0,004045	0,000464	0,000385	0,004769	0,000327	0,009997	0,000028			
12216	0,004005	0,000467	0,000382	0,004701	0,000333	0,009896	0,000030			
12240	0,002320	0,000330	0,000255	0,005063	0,000350	0,008327	0,000030			
12264	0,002056	0,000315	0,000232	0,004843	0,000317	0,007770	0,000027			
12288	0,003955	0,000468	0,000385	0,004837	0,000346	0,009999	0,000030			
12312	0,003433	0,000426	0,000344	0,004921	0,000340	0,009472	0,000033			
12336	0,003536	0,000422	0,000346	0,004871	0,000338	0,009520	0,000034			
12360	0,001993	0,000281	0,000228	0,005026	0,000323	0,007858	0,000032			
12384	0,004022	0,000463	0,000378	0,004923	0,000326	0,010120	0,000031			
12408	0,003046	0,000393	0,000310	0,005005	0,000336	0,009097	0,000033			
12432	0,004067	0,000460	0,000379	0,005157	0,000344	0,010415	0,000033			
12456	0,002217	0,000334	0,000240	0,004963	0,000341	0,008102	0,000031			
12480	0,001868	0,000269	0,000218	0,005061	0,000345	0,007769	0,000033			
12504	0,003877	0,000466	0,000372	0,004984	0,000337	0,010044	0,000032			
12528	0,003069	0,000395	0,000310	0,004955	0,000328	0,009065	0,000031			
12552	0,004016	0,000475	0,000374	0,005071	0,000344	0,010290	0,000031			
12576	0,004002	0,000475	0,000374	0,005049	0,000340	0,010248	0,000032			
12600	0,004065	0,000471	0,000378	0,005169	0,000344	0,010435	0,000032			
12624	0,002821	0,000373	0,000286	0,005151	0,000340	0,008979	0,000032			
12648	0,002522	0,000361	0,000277	0,005160	0,000340	0,008668	0,000032			
12672	0,002270	0,000346	0,000242	0,005155	0,000354	0,008374	0,000032			
12696	0,002200	0,000322	0,000243	0,005953	0,000390	0,009118	0,000039			
12720	0,004269	0,000473	0,000393	0,005681	0,000380	0,011205	0,000036			
12744	0,004164	0,000475	0,000387	0,005400	0,000359	0,010795	0,000035			
12768	0,002300	0,000294	0,000251	0,005349	0,000350	0,008553	0,000034			
12792	0,003752	0,000377	0,000360	0,005143	0,000333	0,009973	0,000031			
12816	0,003763	0,000378	0,000362	0,005084	0,000340	0,009935	0,000030			
12840	0,003786	0,000382	0,000371	0,005130	0,000339	0,010016	0,000031			
12864	0,003625	0,000370	0,000351	0,005316	0,000344	0,010013	0,000032			
12888	0,002181	0,000312	0,000244	0,005223	0,000343	0,008311	0,000031			
12912	0,002029	0,000263	0,000225	0,005128	0,000337	0,007990	0,000031			
12936	0,002344	0,000276	0,000251	0,005160	0,000335	0,008374	0,000031			
12960	0,003180	0,000274	0,000319	0,005207	0,000340	0,009327	0,000030			
12984	0,003828	0,000294	0,000374	0,005195	0,000333	0,010029	0,000031			
13008	0,002100	0,000267	0,000236	0,005223	0,000347	0,008180	0,000032			
13032	0,003897	0,000295	0,000379	0,005416	0,000358	0,010353	0,000031			
13056	0,003888	0,000292	0,000375	0,005339	0,000345	0,010247	0,000030			
13080	0,002645	0,000270	0,000254	0,005266	0,000344	0,008787	0,000032			
13104	0,003630	0,000292	0,000357	0,005311	0,000345	0,009942	0,000030			
13128	0,001983	0,000281	0,000227	0,005423	0,000354	0,008277	0,000032			
13152	0,002302	0,000258	0,000257	0,005228	0,000335	0,008386	0,000029			
13176	0,003887	0,000294	0,000377	0,005339	0,000335	0,010240	0,000030			
13200	0,003807	0,000295	0,000367	0,005271	0,000348	0,010094	0,000030			
13224	0,003847	0,000293	0,000370	0,005273	0,000346	0,010136	0,000031			
13248	0,003874	0,000295	0,000371	0,005311	0,000349	0,010207	0,000030			
13272	0,002365	0,000270	0,000265	0,005408	0,000353	0,008669	0,000030			
13296	0,003764	0,000388	0,000367	0,005521	0,000366	0,010413	0,000035			
13320	0,003978	0,000406	0,000377	0,005483	0,000361	0,010613	0,000032			
13344	0,001698	0,000285	0,000201	0,005435	0,000352	0,007980	0,000030			
13368	0,003626	0,000385	0,000354	0,005414	0,000357	0,010143	0,000031			
13392	0,003033	0,000350	0,000295	0,005430	0,000361	0,009476	0,000033			
13416	0,003881	0,000404	0,000369	0,005539	0,000353	0,010552	0,000031			
13440	0,002030	0,000306	0,000229	0,005476	0,000354	0,008403	0,000031			
13464	0,003768	0,000289	0,000369	0,005443	0,000338	0,010214	0,000032			
13488	0,003103	0,000286	0,000314	0,005605	0,000366	0,009681	0,000034			
13512	0,002426	0,000278	0,000265	0,005692	0,000357	0,009026	0,000033			
13536	0,003723	0,000287	0,000363	0,005700	0,000359	0,010439	0,000032			
13560	0,003772	0,000287	0,000365	0,005519	0,000348	0,010297	0,000030			
13584	0,002639	0,000266	0,000279	0,005630	0,000357	0,009179	0,000031			
13608	0,003561	0,000355	0,000344	0,005775	0,000375	0,010417	0,000032			
13632	0,002179	0,000293	0,000240	0,005576	0,000348	0,008643	0,000032			
13656	0,003898	0,000391	0,000367	0,005624	0,000350	0,010637	0,000030			
13680	0,002166	0,000299	0,000234	0,005690	0,000351	0,008747	0,000030			
13704	0,003064	0,000347	0,000309	0,005704	0,000363	0,009793	0,000030			
13728	0,003979	0,000391	0,000371	0,005815	0,000361	0,010924	0,000031			
13752	0,001998	0,000298	0,000222	0,005787	0,000366	0,008677	0,000031			
13776	0,001817	0,000247	0,000209	0,005798	0,000370	0,008448	0,000033			
13800	0,003009	0,000337	0,000297	0,006046	0,000384	0,010081	0,000034			
13824	0,003777	0,000380	0,000355	0,006346	0,000398	0,011265	0,000035			
13848	0,004200	0,000393	0,000389	0,006196	0,000398	0,011584	0,000037			
13872	0,001750	0,000282	0,000208	0,006131	0,000390	0,008770	0,000033			
13896	0,002627	0,000306	0,000268	0,006016	0,000377	0,009602	0,000033			
13920	0,003549	0,000363	0,000338	0,006454	0,000402	0,011115	0,000035			
13944	0,004339	0,000396	0,000390	0,006554	0,000411	0,012099	0,000038			
13968	0,002218	0,000279	0,000241	0,006257	0,000395	0,009397	0,000035			
13992	0,001914	0,000272	0,000216	0,006439	0,000397	0,009247	0,000037			
14016	0,004202	0,000397	0,000398	0,006162	0,000389	0,011557	0,000034			
14040	0,003973	0,000395	0,000373	0,006019	0,000379	0,011147	0,000033			
14064	0,002194	0,000302	0,000238	0,005998	0,000367	0,009105	0,000031			
14088	0,003956	0,000389	0,000364	0,006012	0,000366	0,011095	0,000033			
14112	0,002756	0,000328	0,000277	0,006044	0,000374	0,009787	0,000032			
14136	0,002514	0,000320	0,000266	0,006096	0,000373	0,009577	0,000032			
14160	0,002682	0,000320	0,000280	0,006166	0,000363	0,009818	0,000031			
14184	0,002004	0,000302	0,000221	0,006215	0,000373	0,009123	0,000032			
14208	0,002200	0,000298	0,000247	0,006152	0,000381	0,009285	0,000031			
14232	0,003189	0,000357	0,000317	0,006107	0,000368	0,010345	0,000032			
14256	0,002394	0,000305	0,000253	0,006203	0,000381	0,009543	0,000032			
14280	0,004057	0,000391	0,000375	0,006249	0,000379	0,011459	0,000032			
14304	0,003818	0,000386	0,000361	0,006152	0,000372	0,011095	0,000030			
14328	0,003951	0,000387	0,000372	0,006422	0,000377	0,011516	0,000032			
14352	0,003437	0,000379	0,000328	0,006327	0,000372	0,010850	0,000033			
14376	0,004013	0,000411	0,000371	0,006237	0,000380	0,011418	0,000033			
14400	0,001997	0,000296	0,000219	0,006347	0,000380	0,009245	0,000032			
14424	0,004216	0,000421	0,000388	0,006756	0,000405	0,012194	0,000037			
14448	0,003692	0,000388	0,000351	0,006711	0,000398	0,011549	0,000035			
14472	0,003836	0,000401	0,000356	0,006508	0,000396	0,011505	0,000033			
14496	0,004044	0,000412	0,000371	0,006481	0,000380	0,011695	0,000032			
14520	0,001671	0,000267	0,000197	0,006429	0,000386	0,008957	0,000034			
14544	0,004115	0,000334	0,000382	0,006882	0,000411	0,012131	0,000033			
14568	0,002946	0,000307	0,000291	0,006739	0,000400	0,010691	0,000036			
14592	0,003767	0,000325	0,000359	0,006582	0,000382	0,011423	0,000032			
14616	0,002068	0,000286	0,000227	0,006598	0,000388	0,009574	0,000032			
14640	0,002364	0,000292	0,000248	0,006591	0,000377	0,009879	0,000032			
14664	0,004096	0,000329	0,000376	0,006789	0,000403	0,012000	0,000033			
14688	0,002806	0,000307	0,000284	0,007098	0,000411	0,010915	0,000037			
14712	0,001856	0,000247	0,000211	0,006867	0,000396	0,009584	0,000032			
14736	0,003964	0,000329	0,000373	0,006755	0,000398	0,011827	0,000032			
14760	0,003629	0,000320	0,000340	0,006885	0,000389	0,011571	0,000034			
14784	0,003584	0,000317	0,000337	0,006978	0,000397	0,011622	0,000034			
14808	0,004185	0,000330	0,000382	0,007113	0,000415	0,012433	0,000035			
14832	0,001674	0,000253	0,000196	0,006884	0,000390	0,009405	0,000034			
14856	0,002344	0,000279	0,000246	0,006998	0,000393	0,010266	0,000032			
14880	0,003268	0,000315	0,000323	0,007328	0,000408	0,011650	0,000033			
14904	0,004230	0,000334	0,000380	0,007359	0,000422	0,012733	0,000035			
14928	0,002271	0,000305	0,000240	0,007416	0,000420	0,010660	0,000035			
14952	0,004123	0,000349	0,000375	0,007512	0,000428	0,012795	0,000035			
14976	0,003244	0,000314	0,000307	0,007290	0,000411	0,011573	0,000033			
15000	0,003620	0,000335	0,000338	0,007323	0,000403	0,012026	0,000034			
15024	0,004085	0,000340	0,000370	0,007534	0,000425	0,012761	0,000036			
15048	0,004073	0,000346	0,000372	0,007336	0,000406	0,012540	0,000033			
15072	0,003998	0,000345	0,000365	0,007329	0,000413	0,012457	0,000033			
15096	0,002609	0,000310	0,000267	0,007440	0,000412	0,011045	0,000034			
15120	0,003752	0,000338	0,000351	0,007303	0,000395	0,012146	0,000032			
15144	0,001864	0,000250	0,000211	0,007589	0,000416	0,010337	0,000033			
15168	0,004106	0,000345	0,000373	0,007657	0,000410	0,012898	0,000033			
15192	0,004281	0,000346	0,000382	0,007997	0,000426	0,013441	0,000037			
15216	0,004240	0,000345	0,000381	0,007905	0,000429	0,013309	0,000034			
15240	0,002293	0,000276	0,000241	0,007824	0,000416	0,011059	0,000033			
15264	0,004190	0,000347	0,000378	0,007980	0,000431	0,013335	0,000035			
15288	0,002969	0,000317	0,000296	0,008221	0,000464	0,012274	0,000038			
15312	0,004368	0,000484	0,000390	0,008250	0,000436	0,013937	0,000037			
15336	0,002602	0,000343	0,000264	0,008336	0,000450	0,012004	0,000037			
15360	0,001962	0,000320	0,000216	0,007901	0,000411	0,010818	0,000034			
15384	0,003912	0,000452	0,000347	0,007789	0,000408	0,012916	0,000033			
15408	0,004278	0,000484	0,000376	0,008076	0,000441	0,013664	0,000036			
15432	0,003018	0,000393	0,000299	0,008159	0,000440	0,012317	0,000036			
15456	0,002457	0,000345	0,000252	0,008154	0,000424	0,011639	0,000033			
15480	0,004407	0,000484	0,000388	0,008262	0,000432	0,013980	0,000034			
15504	0,004205	0,000479	0,000375	0,008191	0,000423	0,013681	0,000033			
15528	0,003059	0,000386	0,000297	0,008559	0,000454	0,012765	0,000037			
15552	0,004236	0,000482	0,000380	0,008374	0,000436	0,013916	0,000034			
15576	0,003996	0,000348	0,000367	0,008269	0,000425	0,013412	0,000034			
15600	0,004188	0,000347	0,000378	0,008508	0,000440	0,013867	0,000034			
15624	0,003659	0,000328	0,000334	0,008723	0,000441	0,013494	0,000035			
15648	0,004146	0,000350	0,000373	0,008512	0,000435	0,013823	0,000034			
15672	0,004290	0,000349	0,000387	0,008863	0,000452	0,014350	0,000037			
15696	0,001594	0,000264	0,000192	0,008538	0,000431	0,011026	0,000034			
15720	0,002912	0,000314	0,000290	0,008912	0,000466	0,012903	0,000036			
15744	0,003056	0,000323	0,000294	0,008751	0,000447	0,012879	0,000036			
15768	0,002429	0,000281	0,000253	0,008624	0,000440	0,012035	0,000033			
15792	0,004065	0,000348	0,000377	0,008678	0,000439	0,013914	0,000034			
15816	0,002513	0,000289	0,000254	0,008743	0,000436	0,012241	0,000033			
15840	0,004186	0,000347	0,000375	0,008668	0,000436	0,014019	0,000034			
15864	0,004300	0,000349	0,000385	0,009142	0,000459	0,014643	0,000035			
15888	0,004221	0,000350	0,000384	0,008942	0,000438	0,014343	0,000034			
15912	0,004142	0,000345	0,000372	0,008740	0,000439	0,014045	0,000035			
15936	0,003235	0,000321	0,000314	0,009190	0,000452	0,013519	0,000036			
15960	0,003230	0,000366	0,000310	0,009194	0,000457	0,013565	0,000037			
15984	0,004280	0,000428	0,000379	0,009307	0,000455	0,014856	0,000035			
16008	0,001819	0,000257	0,000208	0,009127	0,000440	0,011858	0,000034			
16032	0,002390	0,000337	0,000248	0,009115	0,000441	0,012538	0,000033			
16056	0,004220	0,000431	0,000377	0,008980	0,000443	0,014458	0,000033			
16080	0,002355	0,000299	0,000242	0,009255	0,000446	0,012604	0,000036			
16104	0,001826	0,000326	0,000207	0,009224	0,000444	0,012034	0,000035			
16128	0,004207	0,000430	0,000378	0,009067	0,000437	0,014526	0,000034			
16152	0,003481	0,000320	0,000327	0,009171	0,000446	0,013753	0,000035			
16176	0,004176	0,000335	0,000375	0,009336	0,000450	0,014680	0,000034			
16200	0,004041	0,000331	0,000364	0,009304	0,000447	0,014494	0,000034			
16224	0,001863	0,000272	0,000205	0,009240	0,000442	0,012029	0,000031			
16248	0,003084	0,000289	0,000297	0,009468	0,000440	0,013586	0,000034			
16272	0,002504	0,000287	0,000255	0,009663	0,000458	0,013175	0,000036			
16296	0,003936	0,000330	0,000359	0,009813	0,000457	0,014903	0,000033			
16320	0,002211	0,000249	0,000235	0,009743	0,000455	0,012901	0,000034			
16344	0,001995	0,000286	0,000219	0,009684	0,000461	0,012654	0,000034			
16368	0,003706	0,000325	0,000345	0,009717	0,000462	0,014562	0,000034			
16392	0,002841	0,000305	0,000281	0,009857	0,000463	0,013755	0,000068			
16416	0,003950	0,000332	0,000354	0,009687	0,000448	0,014777	0,000067			
16440	0,001866	0,000263	0,000210	0,009845	0,000470	0,012661	0,000070			
16464	0,003044	0,000314	0,000297	0,009745	0,000464	0,013872	0,000067			
16488	0,003366	0,000313	0,000314	0,009896	0,000465	0,014362	0,000067			
16512	0,004081	0,000334	0,000365	0,009916	0,000460	0,015163	0,000065			
16536	0,004107	0,000336	0,000362	0,010011	0,000459	0,015284	0,000066			
16560	0,004245	0,000334	0,000380	0,010030	0,000471	0,015468	0,000066			
16584	0,003533	0,000318	0,000325	0,010007	0,000467	0,014657	0,000067			
16608	0,002793	0,000288	0,000272	0,010237	0,000477	0,014075	0,000069			
16632	0,004506	0,000437	0,000383	0,010094	0,000469	0,015897	0,000066			
16656	0,002089	0,000315	0,000219	0,010232	0,000460	0,013321	0,000066			
16680	0,004235	0,000425	0,000361	0,010191	0,000456	0,015676	0,000065			
16704	0,003021	0,000343	0,000281	0,010268	0,000468	0,014390	0,000068			
16728	0,004131	0,000416	0,000348	0,010241	0,000458	0,015602	0,000065			
16752	0,002306	0,000311	0,000236	0,010282	0,000475	0,013617	0,000066			
16776	0,002603	0,000341	0,000259	0,010543	0,000471	0,014224	0,000066			
16800	0,004482	0,000434	0,000375	0,010440	0,000466	0,016206	0,000064			
16824	0,004549	0,000362	0,000378	0,010426	0,000467	0,016190	0,000068			
16848	0,004513	0,000360	0,000369	0,010552	0,000481	0,016282	0,000067			
16872	0,004497	0,000360	0,000371	0,010649	0,000482	0,016366	0,000070			
16896	0,004431	0,000361	0,000367	0,010716	0,000468	0,016351	0,000067			
16920	0,004541	0,000361	0,000372	0,010647	0,000476	0,016405	0,000066			
16944	0,004085	0,000354	0,000353	0,010614	0,000472	0,015885	0,000065			
16968	0,004446	0,000360	0,000372	0,010896	0,000477	0,016559	0,000068			
16992	0,002682	0,000305	0,000257	0,010924	0,000492	0,014668	0,000068			
17016	0,003562	0,000281	0,000315	0,010864	0,000472	0,015502	0,000065			
17040	0,002550	0,000282	0,000248	0,010821	0,000473	0,014382	0,000066			
17064	0,004208	0,000301	0,000358	0,010798	0,000482	0,016155	0,000067			
17088	0,004381	0,000300	0,000377	0,010998	0,000478	0,016541	0,000067			
17112	0,002765	0,000281	0,000259	0,010843	0,000480	0,014636	0,000068			
17136	0,002774	0,000277	0,000270	0,011094	0,000482	0,014903	0,000067			
17160	0,002326	0,000282	0,000237	0,011011	0,000482	0,014346	0,000065			
17184	0,004460	0,000298	0,000379	0,011114	0,000480	0,016738	0,000066			
17208	0,002977	0,000290	0,000283	0,011223	0,000485	0,015265	0,000066			
17232	0,003984	0,000418	0,000341	0,011227	0,000492	0,016470	0,000067			
17256	0,004319	0,000430	0,000362	0,011320	0,000490	0,016929	0,000065			
17280	0,002165	0,000315	0,000220	0,011254	0,000480	0,014442	0,000067			
17304	0,004457	0,000438	0,000373	0,011314	0,000476	0,017066	0,000064			
17328	0,004007	0,000413	0,000341	0,011293	0,000488	0,016549	0,000065			
17352	0,004577	0,000447	0,000377	0,011365	0,000480	0,017254	0,000065			
17376	0,004567	0,000446	0,000379	0,011472	0,000487	0,017359	0,000065			
17400	0,001971	0,000303	0,000215	0,011622	0,000493	0,014612	0,000068			
17424	0,004365	0,000435	0,000360	0,011611	0,000492	0,017270	0,000068			
17448	0,002629	0,000340	0,000254	0,011575	0,000491	0,015296	0,000067			
17472	0,004637	0,000445	0,000375	0,011670	0,000502	0,017637	0,000069			
17496	0,004551	0,000447	0,000374	0,011539	0,000481	0,017399	0,000066			
17520	0,004546	0,000446	0,000378	0,011654	0,000493	0,017523	0,000064			
17544	0,004575	0,000441	0,000375	0,011795	0,000494	0,017687	0,000067			
17568	0,003127	0,000359	0,000284	0,011765	0,000488	0,016030	0,000068			
17592	0,004613	0,000446	0,000378	0,011896	0,000489	0,017829	0,000065			
17616	0,004557	0,000445	0,000375	0,011851	0,000493	0,017729	0,000067			
17640	0,002754	0,000353	0,000261	0,011965	0,000496	0,015836	0,000066			
17664	0,004572	0,000445	0,000377	0,011939	0,000490	0,017831	0,000065			
17688	0,002620	0,000335	0,000251	0,012075	0,000508	0,015797	0,000071			
17712	0,002003	0,000291	0,000211	0,011990	0,000495	0,014997	0,000066			
17736	0,004592	0,000443	0,000380	0,012292	0,000513	0,018227	0,000067			
17760	0,003705	0,000394	0,000316	0,012140	0,000493	0,017056	0,000065			
17784	0,004144	0,000414	0,000344	0,012277	0,000511	0,017698	0,000067			
17808	0,004347	0,000433	0,000360	0,012615	0,000512	0,018274	0,000066			
17832	0,001720	0,000286	0,000203	0,012463	0,000518	0,015199	0,000071			
17856	0,002754	0,000328	0,000259	0,012658	0,000531	0,016538	0,000074			
17880	0,004038	0,000412	0,000336	0,012673	0,000517	0,017985	0,000067			
17904	0,002906	0,000352	0,000268	0,012489	0,000511	0,016533	0,000068			
17928	0,004586	0,000437	0,000373	0,012641	0,000525	0,018569	0,000069			
17952	0,004668	0,000478	0,000383	0,012561	0,000521	0,018619	0,000068			
17976	0,003595	0,000417	0,000310	0,012543	0,000510	0,017382	0,000070			
18000	0,004304	0,000465	0,000355	0,012611	0,000500	0,018243	0,000065			
18024	0,004412	0,000466	0,000362	0,012595	0,000504	0,018345	0,000066			
18048	0,004572	0,000477	0,000384	0,012734	0,000518	0,018693	0,000067			
18072	0,003612	0,000410	0,000312	0,012852	0,000519	0,017713	0,000072			
18096	0,004761	0,000482	0,000382	0,012898	0,000521	0,019052	0,000069			
18120	0,004551	0,000468	0,000372	0,012869	0,000520	0,018787	0,000070			
18144	0,004544	0,000473	0,000368	0,012913	0,000519	0,018825	0,000067			
18168	0,004658	0,000472	0,000378	0,012979	0,000514	0,019009	0,000068			
18192	0,004117	0,000432	0,000342	0,013036	0,000514	0,018450	0,000066			
18216	0,004784	0,000474	0,000383	0,013257	0,000534	0,019439	0,000070			
18240	0,001987	0,000273	0,000220	0,013274	0,000523	0,016285	0,000070			
18264	0,004728	0,000473	0,000384	0,013212	0,000522	0,019327	0,000069			
18288	0,004754	0,000470	0,000377	0,013612	0,000525	0,019746	0,000069			
18312	0,003281	0,000370	0,000274	0,013355	0,000536	0,017824	0,000068			
18336	0,002375	0,000354	0,000229	0,013465	0,000534	0,016963	0,000069			
18360	0,004767	0,000473	0,000382	0,013749	0,000540	0,019919	0,000071			
18384	0,004460	0,000456	0,000365	0,013587	0,000533	0,019409	0,000070			
18408	0,004706	0,000473	0,000379	0,013611	0,000525	0,019701	0,000065			
18432	0,004359	0,000452	0,000354	0,013456	0,000527	0,019156	0,000067			
18456	0,004608	0,000468	0,000375	0,013513	0,000527	0,019499	0,000066			
18480	0,004725	0,000468	0,000381	0,013578	0,000530	0,019690	0,000066			
18504	0,004731	0,000474	0,000380	0,013609	0,000522	0,019723	0,000068			
18528	0,004408	0,000461	0,000362	0,013696	0,000520	0,019453	0,000067			
18552	0,004694	0,000472	0,000372	0,013781	0,000519	0,019845	0,000067			
18576	0,004804	0,000474	0,000383	0,013948	0,000540	0,020155	0,000071			
18600	0,004507	0,000456	0,000363	0,014048	0,000552	0,019934	0,000070			
18624	0,003724	0,000415	0,000329	0,014143	0,000541	0,019160	0,000068			
18648	0,004712	0,000471	0,000378	0,014007	0,000536	0,020110	0,000068			
18672	0,002069	0,000307	0,000223	0,013968	0,000538	0,017113	0,000069			
18696	0,002307	0,000302	0,000228	0,013929	0,000539	0,017313	0,000069			
18720	0,003763	0,000338	0,000317	0,013953	0,000529	0,018906	0,000069			
18744	0,002591	0,000304	0,000253	0,014316	0,000538	0,018009	0,000069			
18768	0,002587	0,000312	0,000246	0,014351	0,000532	0,018036	0,000070			
18792	0,004480	0,000367	0,000366	0,014297	0,000533	0,020050	0,000069			
18816	0,003192	0,000330	0,000289	0,014698	0,000553	0,019069	0,000071			
18840	0,004225	0,000352	0,000345	0,014629	0,000550	0,020109	0,000070			
18864	0,004703	0,000373	0,000375	0,014489	0,000537	0,020485	0,000070			
18888	0,004651	0,000373	0,000378	0,014364	0,000542	0,020316	0,000069			
18912	0,004512	0,000374	0,000368	0,014401	0,000528	0,020190	0,000068			
18936	0,003751	0,000345	0,000317	0,014610	0,000545	0,019574	0,000067			
18960	0,004685	0,000371	0,000379	0,014659	0,000553	0,020654	0,000068			
18984	0,002667	0,000321	0,000255	0,014855	0,000545	0,018651	0,000069			
19008	0,004736	0,000372	0,000380	0,014964	0,000560	0,021020	0,000070			
19032	0,004652	0,000373	0,000373	0,014610	0,000548	0,020563	0,000067			
19056	0,004669	0,000374	0,000373	0,014735	0,000542	0,020701	0,000067			
19080	0,004674	0,000374	0,000375	0,014791	0,000551	0,020772	0,000068			
19104	0,002205	0,000280	0,000224	0,015043	0,000563	0,018321	0,000068			
19128	0,004662	0,000372	0,000375	0,014774	0,000537	0,020727	0,000069			
19152	0,003477	0,000288	0,000300	0,014852	0,000538	0,019462	0,000067			
19176	0,004167	0,000301	0,000343	0,014889	0,000546	0,020253	0,000069			
